Country,Date,Product,Region,Sales Person,Amount,Boxes Shipped
UK,1/4/2022,Mint Chip Choco,Europe,Jehu Rudeforth,5320,180
India,8/1/2022,85% Dark Bars,Asia,Van Tuxwell,7896,94
India,7/7/2022,Peanut Butter Cubes,Asia,Gigi Bohling,4501,91
Australia,4/27/2022,Peanut Butter Cubes,Oceania,Jan Morforth,12726,342
UK,2/24/2022,Peanut Butter Cubes,Europe,Jehu Rudeforth,13685,184
India,6/6/2022,Smooth Sliky Salty,Asia,Van Tuxwell,5376,38
UK,1/25/2022,99% Dark & Pure,Europe,Oby Sorrel,13685,176
Australia,3/24/2022,After Nines,Oceania,Gunar Cockshoot,3080,73
New Zealand,4/20/2022,50% Dark Bites,Oceania,Jehu Rudeforth,3990,59
Australia,7/4/2022,99% Dark & Pure,Oceania,Brien Boise,2835,102
UK,1/13/2022,Smooth Sliky Salty,Europe,Rafaelita Blaksland,4704,62
USA,3/10/2022,Orange Choco,North America,Barr Faughny,3703,11
Canada,1/13/2022,Eclairs,North America,Mallorie Waber,1442,286
New Zealand,7/28/2022,Drinking Coco,Oceania,Karlen McCaffrey,168,156
New Zealand,8/3/2022,Peanut Butter Cubes,Oceania,Marney O'Breen,8379,173
Australia,1/26/2022,Organic Choco Syrup,Oceania,Beverie Moffet,6790,356
Canada,2/14/2022,Organic Choco Syrup,North America,Van Tuxwell,4067,42
USA,4/5/2022,Smooth Sliky Salty,North America,Roddy Speechley,3017,140
Canada,2/16/2022,Milk Bars,North America,Beverie Moffet,8799,250
UK,6/8/2022,85% Dark Bars,Europe,Curtice Advani,1085,172
Australia,6/27/2022,Eclairs,Oceania,Brien Boise,6888,88
USA,2/17/2022,Spicy Special Slims,North America,Gunar Cockshoot,1267,157
USA,5/30/2022,After Nines,North America,Marney O'Breen,4753,163
UK,3/14/2022,Drinking Coco,Europe,Husein Augar,3003,113
Australia,2/28/2022,Eclairs,Oceania,Kaine Padly,7672,115
India,1/26/2022,Fruit & Nut Bars,Asia,Karlen McCaffrey,168,321
Canada,2/9/2022,Spicy Special Slims,North America,Roddy Speechley,1652,186
USA,7/7/2022,Eclairs,North America,Husein Augar,4025,112
New Zealand,7/5/2022,White Choc,Oceania,Dennison Crosswaite,9492,151
New Zealand,6/15/2022,Manuka Honey Choco,Oceania,Dennison Crosswaite,5061,301
New Zealand,5/24/2022,85% Dark Bars,Oceania,Van Tuxwell,1722,121
UK,6/29/2022,99% Dark & Pure,Europe,Rafaelita Blaksland,12446,150
Australia,5/11/2022,Manuka Honey Choco,Oceania,Wilone O'Kielt,4284,94
UK,6/30/2022,Almond Choco,Europe,Karlen McCaffrey,6839,133
Canada,5/11/2022,After Nines,North America,Andria Kimpton,2163,70
USA,7/22/2022,Manuka Honey Choco,North America,Roddy Speechley,9583,315
UK,8/24/2022,50% Dark Bites,Europe,Andria Kimpton,2653,314
New Zealand,7/7/2022,After Nines,Oceania,Kelci Walkden,147,72
Australia,5/19/2022,85% Dark Bars,Oceania,Camilla Castle,3654,14
India,7/4/2022,Manuka Honey Choco,Asia,Karlen McCaffrey,2443,581
USA,6/2/2022,After Nines,North America,Kelci Walkden,938,16
USA,4/15/2022,Raspberry Choco,North America,Karlen McCaffrey,14749,354
Canada,7/11/2022,Choco Coated Almonds,North America,Mallorie Waber,4781,241
India,2/23/2022,Spicy Special Slims,Asia,Andria Kimpton,6307,142
Canada,8/22/2022,Almond Choco,North America,Madelene Upcott,7602,102
USA,2/16/2022,Peanut Butter Cubes,North America,Kaine Padly,6790,188
USA,1/13/2022,50% Dark Bites,North America,Van Tuxwell,9737,160
Australia,2/14/2022,Milk Bars,Oceania,Curtice Advani,6979,18
India,6/10/2022,Eclairs,Asia,Roddy Speechley,4382,303
India,7/7/2022,Fruit & Nut Bars,Asia,Curtice Advani,5243,176
Canada,3/24/2022,Almond Choco,North America,Curtice Advani,4865,70
Australia,6/6/2022,Fruit & Nut Bars,Oceania,Brien Boise,8575,23
Australia,7/19/2022,Drinking Coco,Oceania,Dotty Strutley,91,135
USA,4/19/2022,Raspberry Choco,North America,Beverie Moffet,14798,83
India,7/19/2022,85% Dark Bars,Asia,Marney O'Breen,2205,179
Canada,7/15/2022,Drinking Coco,North America,Jehu Rudeforth,441,24
New Zealand,2/14/2022,Spicy Special Slims,Oceania,Ches Bonnell,3556,18
Canada,5/18/2022,99% Dark & Pure,North America,Brien Boise,16793,416
Australia,6/30/2022,Fruit & Nut Bars,Oceania,Barr Faughny,15421,55
Australia,6/2/2022,50% Dark Bites,Oceania,Andria Kimpton,4438,227
Australia,6/28/2022,Drinking Coco,Oceania,Andria Kimpton,1603,48
Australia,5/16/2022,Organic Choco Syrup,Oceania,Marney O'Breen,273,174
Canada,5/26/2022,Baker's Choco Chips,North America,Kelci Walkden,3073,302
India,7/6/2022,Almond Choco,Asia,Karlen McCaffrey,6090,149
India,5/27/2022,99% Dark & Pure,Asia,Oby Sorrel,10255,11
Australia,4/14/2022,Caramel Stuffed Bars,Oceania,Wilone O'Kielt,2030,11
Australia,8/10/2022,Organic Choco Syrup,Oceania,Van Tuxwell,19453,14
India,7/4/2022,50% Dark Bites,Asia,Camilla Castle,9275,411
India,7/8/2022,Organic Choco Syrup,Asia,Oby Sorrel,6181,56
USA,7/22/2022,Peanut Butter Cubes,North America,Jan Morforth,9037,102
USA,3/2/2022,Choco Coated Almonds,North America,Gigi Bohling,12313,103
UK,1/10/2022,Almond Choco,Europe,Gigi Bohling,5642,9
New Zealand,3/11/2022,White Choc,Oceania,Jehu Rudeforth,2800,241
New Zealand,6/20/2022,Peanut Butter Cubes,Oceania,Andria Kimpton,959,265
UK,8/26/2022,Organic Choco Syrup,Europe,Van Tuxwell,2002,214
Canada,7/13/2022,Milk Bars,North America,Roddy Speechley,609,32
USA,2/11/2022,Spicy Special Slims,North America,Camilla Castle,1274,244
USA,1/27/2022,Orange Choco,North America,Marney O'Breen,7595,181
UK,1/31/2022,99% Dark & Pure,Europe,Van Tuxwell,4725,137
USA,8/18/2022,White Choc,North America,Camilla Castle,9681,24
USA,6/30/2022,Raspberry Choco,North America,Andria Kimpton,14504,21
Australia,8/23/2022,Fruit & Nut Bars,Oceania,Dotty Strutley,280,311
New Zealand,8/1/2022,Mint Chip Choco,Oceania,Brien Boise,63,181
New Zealand,5/25/2022,After Nines,Oceania,Roddy Speechley,8001,10
Canada,1/10/2022,Organic Choco Syrup,North America,Roddy Speechley,4032,82
Australia,2/7/2022,70% Dark Bites,Oceania,Dennison Crosswaite,5859,108
USA,5/12/2022,Orange Choco,North America,Karlen McCaffrey,11095,401
Australia,3/7/2022,Spicy Special Slims,Oceania,Madelene Upcott,7182,408
Australia,4/5/2022,85% Dark Bars,Oceania,Dennison Crosswaite,6881,420
Canada,1/3/2022,Caramel Stuffed Bars,North America,Andria Kimpton,7154,348
UK,3/24/2022,Eclairs,Europe,Dennison Crosswaite,6188,270
India,7/7/2022,Raspberry Choco,Asia,Madelene Upcott,4221,9
USA,7/26/2022,After Nines,North America,Van Tuxwell,630,264
Australia,7/7/2022,Organic Choco Syrup,Oceania,Wilone O'Kielt,1743,111
Canada,7/15/2022,50% Dark Bites,North America,Karlen McCaffrey,2919,65
New Zealand,4/1/2022,Orange Choco,Oceania,Roddy Speechley,49,97
Australia,6/20/2022,Eclairs,Oceania,Beverie Moffet,1827,6
UK,6/29/2022,Fruit & Nut Bars,Europe,Kelci Walkden,13006,482
USA,6/15/2022,50% Dark Bites,North America,Marney O'Breen,1064,106
USA,4/8/2022,After Nines,North America,Husein Augar,11571,180
Australia,3/14/2022,Raspberry Choco,Oceania,Dennison Crosswaite,5740,31
USA,7/15/2022,Fruit & Nut Bars,North America,Andria Kimpton,1456,359
India,4/19/2022,Eclairs,Asia,Kelci Walkden,5334,80
USA,3/28/2022,99% Dark & Pure,North America,Marney O'Breen,4151,296
Canada,3/4/2022,Spicy Special Slims,North America,Brien Boise,8106,101
New Zealand,8/2/2022,70% Dark Bites,Oceania,Karlen McCaffrey,126,40
UK,8/25/2022,Spicy Special Slims,Europe,Husein Augar,4697,42
USA,2/25/2022,Almond Choco,North America,Marney O'Breen,7798,167
India,6/7/2022,Orange Choco,Asia,Kelci Walkden,9408,138
India,4/12/2022,Spicy Special Slims,Asia,Jan Morforth,1939,520
India,7/6/2022,Spicy Special Slims,Asia,Ches Bonnell,10906,94
UK,1/19/2022,Smooth Sliky Salty,Europe,Kelci Walkden,5929,175
Australia,1/5/2022,Fruit & Nut Bars,Oceania,Madelene Upcott,5579,92
Canada,1/24/2022,70% Dark Bites,North America,Madelene Upcott,10927,141
Australia,4/6/2022,Drinking Coco,Oceania,Wilone O'Kielt,623,283
Australia,6/15/2022,Fruit & Nut Bars,Oceania,Gunar Cockshoot,6013,21
Canada,1/28/2022,Baker's Choco Chips,North America,Gigi Bohling,1505,47
India,3/16/2022,Caramel Stuffed Bars,Asia,Kelci Walkden,476,125
Australia,2/21/2022,Drinking Coco,Oceania,Rafaelita Blaksland,11550,396
USA,2/16/2022,Manuka Honey Choco,North America,Kelci Walkden,17318,87
Canada,1/13/2022,Spicy Special Slims,North America,Jehu Rudeforth,1848,27
Australia,3/23/2022,Eclairs,Oceania,Kelci Walkden,7273,547
Canada,6/16/2022,Spicy Special Slims,North America,Curtice Advani,854,118
India,4/14/2022,Raspberry Choco,Asia,Oby Sorrel,6832,46
UK,1/25/2022,Eclairs,Europe,Kelci Walkden,4606,57
India,3/11/2022,Almond Choco,Asia,Jan Morforth,4466,22
UK,7/28/2022,Almond Choco,Europe,Dotty Strutley,16114,96
New Zealand,3/9/2022,After Nines,Oceania,Marney O'Breen,1561,44
Australia,6/28/2022,Orange Choco,Oceania,Husein Augar,8897,188
Australia,7/28/2022,Milk Bars,Oceania,Marney O'Breen,2464,387
Canada,8/15/2022,99% Dark & Pure,North America,Kelci Walkden,4830,50
Australia,1/12/2022,Manuka Honey Choco,Oceania,Kaine Padly,2765,264
New Zealand,3/24/2022,White Choc,Oceania,Beverie Moffet,7126,7
UK,7/25/2022,Milk Bars,Europe,Van Tuxwell,4263,90
Canada,8/1/2022,99% Dark & Pure,North America,Oby Sorrel,3605,403
India,5/16/2022,Organic Choco Syrup,Asia,Van Tuxwell,19929,174
India,8/10/2022,Smooth Sliky Salty,Asia,Roddy Speechley,5103,140
India,1/5/2022,Eclairs,Asia,Jan Morforth,2541,27
UK,7/11/2022,Smooth Sliky Salty,Europe,Ches Bonnell,5663,110
USA,4/25/2022,After Nines,North America,Wilone O'Kielt,392,30
New Zealand,4/4/2022,Fruit & Nut Bars,Oceania,Gigi Bohling,10976,121
USA,4/12/2022,Raspberry Choco,North America,Barr Faughny,9282,101
New Zealand,8/2/2022,85% Dark Bars,Oceania,Wilone O'Kielt,1827,117
New Zealand,6/28/2022,Manuka Honey Choco,Oceania,Gigi Bohling,8267,272
Australia,7/5/2022,Eclairs,Oceania,Ches Bonnell,4116,128
New Zealand,6/7/2022,Choco Coated Almonds,Oceania,Rafaelita Blaksland,2093,45
New Zealand,1/18/2022,Smooth Sliky Salty,Oceania,Brien Boise,1015,27
Australia,1/4/2022,Baker's Choco Chips,Oceania,Brien Boise,12516,212
Australia,1/31/2022,99% Dark & Pure,Oceania,Dennison Crosswaite,2758,18
India,3/14/2022,Almond Choco,Asia,Kelci Walkden,3297,149
Australia,4/29/2022,70% Dark Bites,Oceania,Camilla Castle,6048,477
India,2/7/2022,Smooth Sliky Salty,Asia,Oby Sorrel,10101,108
UK,3/31/2022,Organic Choco Syrup,Europe,Kaine Padly,2282,178
India,3/16/2022,Caramel Stuffed Bars,Asia,Marney O'Breen,4361,81
UK,1/25/2022,Eclairs,Europe,Karlen McCaffrey,7798,196
India,6/20/2022,Baker's Choco Chips,Asia,Van Tuxwell,3052,447
UK,3/29/2022,After Nines,Europe,Gigi Bohling,8029,175
Australia,7/12/2022,Orange Choco,Oceania,Curtice Advani,854,136
Canada,7/11/2022,Smooth Sliky Salty,North America,Jehu Rudeforth,5460,138
Canada,1/19/2022,Smooth Sliky Salty,North America,Karlen McCaffrey,3017,184
USA,4/5/2022,85% Dark Bars,North America,Andria Kimpton,8911,82
Canada,2/21/2022,Milk Bars,North America,Jehu Rudeforth,7203,12
New Zealand,5/20/2022,Caramel Stuffed Bars,Oceania,Rafaelita Blaksland,13083,14
Australia,7/29/2022,Milk Bars,Oceania,Mallorie Waber,2779,104
USA,1/28/2022,Fruit & Nut Bars,North America,Barr Faughny,9058,46
UK,7/19/2022,Caramel Stuffed Bars,Europe,Marney O'Breen,3549,112
New Zealand,4/13/2022,Manuka Honey Choco,Oceania,Mallorie Waber,9436,11
India,2/11/2022,Peanut Butter Cubes,Asia,Roddy Speechley,10283,21
New Zealand,3/2/2022,Milk Bars,Oceania,Roddy Speechley,5446,116
Australia,3/2/2022,White Choc,Oceania,Ches Bonnell,1043,202
USA,7/28/2022,99% Dark & Pure,North America,Van Tuxwell,12586,6
India,1/7/2022,After Nines,Asia,Kelci Walkden,1687,520
UK,4/12/2022,White Choc,Europe,Brien Boise,5299,167
Canada,6/27/2022,Almond Choco,North America,Van Tuxwell,3213,72
Australia,1/14/2022,50% Dark Bites,Oceania,Jehu Rudeforth,5194,418
UK,2/7/2022,Baker's Choco Chips,Europe,Karlen McCaffrey,4753,389
Australia,3/23/2022,Orange Choco,Oceania,Jehu Rudeforth,13706,26
India,1/10/2022,Peanut Butter Cubes,Asia,Marney O'Breen,6489,146
UK,3/17/2022,Choco Coated Almonds,Europe,Oby Sorrel,9324,41
USA,1/21/2022,Spicy Special Slims,North America,Gigi Bohling,10829,54
Australia,7/4/2022,White Choc,Oceania,Barr Faughny,8113,370
Canada,7/4/2022,Peanut Butter Cubes,North America,Kaine Padly,3269,176
USA,8/10/2022,Manuka Honey Choco,North America,Dotty Strutley,273,210
Australia,4/1/2022,50% Dark Bites,Oceania,Dennison Crosswaite,7287,12
India,2/22/2022,Raspberry Choco,Asia,Gigi Bohling,2583,159
UK,1/3/2022,White Choc,Europe,Camilla Castle,9982,187
India,5/31/2022,Drinking Coco,Asia,Karlen McCaffrey,4795,233
UK,1/3/2022,99% Dark & Pure,Europe,Dotty Strutley,9310,282
New Zealand,1/27/2022,Caramel Stuffed Bars,Oceania,Husein Augar,497,475
UK,1/28/2022,50% Dark Bites,Europe,Barr Faughny,581,65
Australia,6/28/2022,Organic Choco Syrup,Oceania,Curtice Advani,3472,311
UK,3/2/2022,Choco Coated Almonds,Europe,Husein Augar,4333,43
Australia,5/27/2022,After Nines,Oceania,Wilone O'Kielt,3325,26
USA,6/30/2022,Almond Choco,North America,Dennison Crosswaite,11718,84
Canada,6/7/2022,Peanut Butter Cubes,North America,Barr Faughny,2100,78
USA,5/12/2022,70% Dark Bites,North America,Kaine Padly,4018,100
New Zealand,7/29/2022,Raspberry Choco,Oceania,Barr Faughny,6468,66
UK,8/3/2022,White Choc,Europe,Dennison Crosswaite,7238,265
India,8/18/2022,Baker's Choco Chips,Asia,Barr Faughny,6454,141
New Zealand,6/14/2022,Smooth Sliky Salty,Oceania,Van Tuxwell,3115,42
UK,6/30/2022,White Choc,Europe,Beverie Moffet,6475,76
New Zealand,6/13/2022,Mint Chip Choco,Oceania,Camilla Castle,1162,190
UK,4/27/2022,Orange Choco,Europe,Ches Bonnell,14238,54
Australia,7/27/2022,White Choc,Oceania,Jan Morforth,3472,32
Canada,4/20/2022,85% Dark Bars,North America,Mallorie Waber,1428,424
India,1/4/2022,Spicy Special Slims,Asia,Rafaelita Blaksland,8064,134
Australia,2/21/2022,Mint Chip Choco,Oceania,Ches Bonnell,9660,92
Australia,1/5/2022,White Choc,Oceania,Karlen McCaffrey,7357,48
India,7/15/2022,Drinking Coco,Asia,Beverie Moffet,6055,46
Australia,5/25/2022,Choco Coated Almonds,Oceania,Brien Boise,5124,62
Canada,4/20/2022,Eclairs,North America,Karlen McCaffrey,3479,358
USA,6/2/2022,99% Dark & Pure,North America,Gigi Bohling,784,249
UK,5/13/2022,Smooth Sliky Salty,Europe,Marney O'Breen,18991,88
New Zealand,8/3/2022,Baker's Choco Chips,Oceania,Beverie Moffet,1372,144
Australia,5/25/2022,Milk Bars,Oceania,Beverie Moffet,735,390
UK,3/16/2022,Raspberry Choco,Europe,Van Tuxwell,6538,79
Australia,7/4/2022,Orange Choco,Oceania,Jan Morforth,3199,122
India,7/5/2022,50% Dark Bites,Asia,Jehu Rudeforth,3472,135
USA,3/15/2022,After Nines,North America,Madelene Upcott,4571,430
UK,8/22/2022,Raspberry Choco,Europe,Barr Faughny,5481,69
Australia,1/12/2022,70% Dark Bites,Oceania,Ches Bonnell,3136,125
UK,6/10/2022,Baker's Choco Chips,Europe,Marney O'Breen,252,154
Australia,3/25/2022,Peanut Butter Cubes,Oceania,Kaine Padly,5460,286
India,7/27/2022,Almond Choco,Asia,Rafaelita Blaksland,3395,99
UK,4/15/2022,Caramel Stuffed Bars,Europe,Husein Augar,14938,433
India,6/27/2022,Orange Choco,Asia,Roddy Speechley,4053,19
UK,4/14/2022,70% Dark Bites,Europe,Jehu Rudeforth,5565,258
Australia,3/15/2022,Manuka Honey Choco,Oceania,Husein Augar,7161,92
USA,3/18/2022,Eclairs,North America,Madelene Upcott,8883,200
India,4/29/2022,Eclairs,Asia,Brien Boise,1351,61
New Zealand,2/25/2022,White Choc,Oceania,Mallorie Waber,3171,246
USA,3/2/2022,Milk Bars,North America,Husein Augar,854,56
Australia,6/20/2022,Milk Bars,Oceania,Van Tuxwell,7910,87
Canada,7/15/2022,White Choc,North America,Beverie Moffet,9275,173
Australia,5/12/2022,50% Dark Bites,Oceania,Dotty Strutley,3108,252
New Zealand,7/1/2022,Organic Choco Syrup,Oceania,Mallorie Waber,5075,256
USA,8/8/2022,85% Dark Bars,North America,Husein Augar,378,54
Australia,7/25/2022,50% Dark Bites,Oceania,Madelene Upcott,7350,6
UK,5/18/2022,Drinking Coco,Europe,Wilone O'Kielt,3388,55
India,7/15/2022,Peanut Butter Cubes,Asia,Camilla Castle,11837,277
India,7/5/2022,70% Dark Bites,Asia,Curtice Advani,2282,44
USA,7/4/2022,Manuka Honey Choco,North America,Mallorie Waber,5425,96
UK,6/20/2022,70% Dark Bites,Europe,Dotty Strutley,1267,216
Australia,1/25/2022,Almond Choco,Oceania,Gunar Cockshoot,3752,424
New Zealand,7/1/2022,Spicy Special Slims,Oceania,Kaine Padly,7728,37
USA,4/13/2022,50% Dark Bites,North America,Gigi Bohling,2296,59
UK,5/4/2022,Smooth Sliky Salty,Europe,Beverie Moffet,4403,76
Australia,8/4/2022,Baker's Choco Chips,Oceania,Beverie Moffet,3192,109
India,6/1/2022,70% Dark Bites,Asia,Beverie Moffet,448,146
UK,4/22/2022,Choco Coated Almonds,Europe,Jehu Rudeforth,4270,185
USA,8/3/2022,50% Dark Bites,North America,Kaine Padly,70,27
USA,6/10/2022,Orange Choco,North America,Ches Bonnell,1743,69
UK,6/27/2022,Manuka Honey Choco,Europe,Gunar Cockshoot,6762,46
Australia,1/3/2022,Smooth Sliky Salty,Oceania,Marney O'Breen,3745,170
India,7/11/2022,After Nines,Asia,Marney O'Breen,2639,179
New Zealand,8/17/2022,Milk Bars,Oceania,Ches Bonnell,4389,126
USA,1/18/2022,Fruit & Nut Bars,North America,Rafaelita Blaksland,2604,65
India,3/8/2022,Organic Choco Syrup,Asia,Ches Bonnell,16569,99
Australia,3/7/2022,Orange Choco,Oceania,Mallorie Waber,14658,275
India,5/9/2022,70% Dark Bites,Asia,Husein Augar,6454,157
New Zealand,5/23/2022,85% Dark Bars,Oceania,Barr Faughny,2100,157
UK,4/15/2022,Caramel Stuffed Bars,Europe,Madelene Upcott,161,145
Australia,7/27/2022,Drinking Coco,Oceania,Gigi Bohling,2807,139
Canada,8/22/2022,Choco Coated Almonds,North America,Marney O'Breen,2639,406
USA,5/11/2022,70% Dark Bites,North America,Ches Bonnell,4571,122
India,1/26/2022,Organic Choco Syrup,Asia,Madelene Upcott,4781,38
USA,4/14/2022,50% Dark Bites,North America,Barr Faughny,13034,117
New Zealand,4/5/2022,Mint Chip Choco,Oceania,Dennison Crosswaite,6454,417
New Zealand,6/14/2022,Smooth Sliky Salty,Oceania,Marney O'Breen,8484,57
Canada,4/13/2022,Almond Choco,North America,Brien Boise,4781,125
Australia,6/27/2022,White Choc,Oceania,Beverie Moffet,2240,166
Australia,1/26/2022,Eclairs,Oceania,Dotty Strutley,6979,3
UK,7/5/2022,White Choc,Europe,Barr Faughny,1652,72
Canada,1/11/2022,Baker's Choco Chips,North America,Beverie Moffet,13447,95
USA,3/7/2022,White Choc,North America,Kelci Walkden,9422,22
Canada,3/4/2022,50% Dark Bites,North America,Kaine Padly,8687,100
Canada,7/15/2022,Organic Choco Syrup,North America,Karlen McCaffrey,2415,312
UK,5/11/2022,Peanut Butter Cubes,Europe,Kaine Padly,6272,86
USA,1/27/2022,Milk Bars,North America,Karlen McCaffrey,4389,7
India,6/27/2022,Orange Choco,Asia,Karlen McCaffrey,3122,149
India,8/3/2022,Smooth Sliky Salty,Asia,Ches Bonnell,8043,18
New Zealand,8/19/2022,Mint Chip Choco,Oceania,Wilone O'Kielt,11662,242
Australia,6/15/2022,Fruit & Nut Bars,Oceania,Wilone O'Kielt,392,102
UK,2/7/2022,Peanut Butter Cubes,Europe,Dennison Crosswaite,8925,158
Australia,7/8/2022,Almond Choco,Oceania,Karlen McCaffrey,7294,128
India,4/21/2022,Milk Bars,Asia,Dennison Crosswaite,1526,96
UK,4/8/2022,Mint Chip Choco,Europe,Ches Bonnell,2688,209
Australia,8/19/2022,50% Dark Bites,Oceania,Husein Augar,14889,52
India,5/4/2022,Fruit & Nut Bars,Asia,Jan Morforth,2912,55
USA,5/11/2022,85% Dark Bars,North America,Mallorie Waber,2632,108
USA,3/22/2022,Eclairs,North America,Mallorie Waber,6328,51
Canada,8/10/2022,Spicy Special Slims,North America,Dennison Crosswaite,2527,216
USA,5/4/2022,Fruit & Nut Bars,North America,Dennison Crosswaite,1414,318
USA,8/18/2022,99% Dark & Pure,North America,Kelci Walkden,7714,238
Canada,8/3/2022,Raspberry Choco,North America,Dotty Strutley,4347,238
New Zealand,1/14/2022,Milk Bars,Oceania,Marney O'Breen,7490,315
Australia,4/8/2022,Choco Coated Almonds,Oceania,Madelene Upcott,2058,72
UK,8/1/2022,Orange Choco,Europe,Kelci Walkden,3640,3
Canada,3/15/2022,Eclairs,North America,Dennison Crosswaite,455,45
India,7/15/2022,Mint Chip Choco,Asia,Karlen McCaffrey,10990,184
New Zealand,1/13/2022,Almond Choco,Oceania,Barr Faughny,5558,127
Australia,8/26/2022,85% Dark Bars,Oceania,Mallorie Waber,2541,53
Canada,1/10/2022,Eclairs,North America,Ches Bonnell,1876,172
Australia,5/11/2022,White Choc,Oceania,Gigi Bohling,5523,87
New Zealand,8/30/2022,85% Dark Bars,Oceania,Beverie Moffet,11200,22
USA,7/21/2022,Caramel Stuffed Bars,North America,Kaine Padly,5593,122
Australia,8/1/2022,Almond Choco,Oceania,Mallorie Waber,7882,125
Canada,2/17/2022,85% Dark Bars,North America,Brien Boise,10241,259
Australia,7/27/2022,Drinking Coco,Oceania,Brien Boise,6832,156
USA,2/23/2022,Orange Choco,North America,Dotty Strutley,1379,107
Australia,3/22/2022,50% Dark Bites,Oceania,Rafaelita Blaksland,3010,40
India,6/23/2022,99% Dark & Pure,Asia,Dennison Crosswaite,6888,311
UK,2/1/2022,White Choc,Europe,Curtice Advani,1540,73
Australia,3/2/2022,After Nines,Oceania,Kelci Walkden,6916,288
UK,4/6/2022,Fruit & Nut Bars,Europe,Gigi Bohling,1232,86
Australia,3/17/2022,Raspberry Choco,Oceania,Gunar Cockshoot,602,72
UK,6/24/2022,Fruit & Nut Bars,Europe,Curtice Advani,10927,136
Canada,7/19/2022,50% Dark Bites,North America,Barr Faughny,10185,303
USA,7/11/2022,Spicy Special Slims,North America,Curtice Advani,1603,264
India,1/13/2022,Almond Choco,Asia,Brien Boise,2170,218
New Zealand,7/7/2022,Smooth Sliky Salty,Oceania,Oby Sorrel,8673,60
India,5/25/2022,85% Dark Bars,Asia,Jan Morforth,4760,418
India,4/13/2022,Fruit & Nut Bars,Asia,Marney O'Breen,4753,151
New Zealand,3/2/2022,50% Dark Bites,Oceania,Andria Kimpton,3374,202
Canada,6/23/2022,Raspberry Choco,North America,Gunar Cockshoot,2058,126
USA,7/26/2022,Drinking Coco,North America,Kelci Walkden,6454,160
Canada,3/22/2022,White Choc,North America,Van Tuxwell,420,3
USA,6/9/2022,Baker's Choco Chips,North America,Rafaelita Blaksland,2863,58
Australia,5/17/2022,Caramel Stuffed Bars,Oceania,Van Tuxwell,5936,59
New Zealand,3/4/2022,Peanut Butter Cubes,Oceania,Ches Bonnell,889,273
Canada,7/7/2022,Milk Bars,North America,Kelci Walkden,16016,28
Canada,1/13/2022,Choco Coated Almonds,North America,Dennison Crosswaite,10479,118
Australia,7/13/2022,Almond Choco,Oceania,Curtice Advani,2912,75
Australia,6/16/2022,85% Dark Bars,Oceania,Madelene Upcott,1575,329
UK,7/18/2022,50% Dark Bites,Europe,Gigi Bohling,8197,69
UK,5/30/2022,Manuka Honey Choco,Europe,Ches Bonnell,4221,395
UK,6/21/2022,70% Dark Bites,Europe,Gigi Bohling,840,81
Australia,6/24/2022,Peanut Butter Cubes,Oceania,Jehu Rudeforth,5691,38
India,1/13/2022,Eclairs,Asia,Marney O'Breen,3472,96
Canada,4/4/2022,Fruit & Nut Bars,North America,Curtice Advani,4193,195
UK,6/8/2022,Smooth Sliky Salty,Europe,Kaine Padly,9016,554
Canada,8/2/2022,Spicy Special Slims,North America,Karlen McCaffrey,6328,47
USA,7/21/2022,Organic Choco Syrup,North America,Kelci Walkden,9870,152
India,6/20/2022,Spicy Special Slims,Asia,Curtice Advani,161,134
India,6/22/2022,After Nines,Asia,Roddy Speechley,2576,112
Australia,5/2/2022,Caramel Stuffed Bars,Oceania,Camilla Castle,3178,16
Australia,1/7/2022,99% Dark & Pure,Oceania,Curtice Advani,4676,84
UK,2/21/2022,50% Dark Bites,Europe,Mallorie Waber,5502,99
Canada,3/21/2022,Baker's Choco Chips,North America,Ches Bonnell,7462,371
UK,4/4/2022,Drinking Coco,Europe,Van Tuxwell,5803,136
Canada,3/24/2022,Fruit & Nut Bars,North America,Gunar Cockshoot,13888,203
New Zealand,6/28/2022,Spicy Special Slims,Oceania,Gunar Cockshoot,6867,183
Australia,1/14/2022,Drinking Coco,Oceania,Gunar Cockshoot,2317,195
New Zealand,2/7/2022,Fruit & Nut Bars,Oceania,Karlen McCaffrey,1218,135
New Zealand,1/11/2022,Drinking Coco,Oceania,Dennison Crosswaite,4109,197
India,2/25/2022,99% Dark & Pure,Asia,Jehu Rudeforth,1953,242
Australia,8/1/2022,Mint Chip Choco,Oceania,Dotty Strutley,6790,25
Australia,5/5/2022,Mint Chip Choco,Oceania,Roddy Speechley,6797,252
New Zealand,5/18/2022,Raspberry Choco,Oceania,Madelene Upcott,9226,415
New Zealand,1/4/2022,Choco Coated Almonds,Oceania,Dotty Strutley,5733,348
New Zealand,5/9/2022,50% Dark Bites,Oceania,Roddy Speechley,4312,211
India,5/6/2022,Smooth Sliky Salty,Asia,Rafaelita Blaksland,1638,81
UK,1/13/2022,White Choc,Europe,Husein Augar,10815,145
Australia,6/24/2022,Almond Choco,Oceania,Roddy Speechley,4466,74
USA,2/14/2022,Caramel Stuffed Bars,North America,Van Tuxwell,987,21
Australia,1/18/2022,99% Dark & Pure,Oceania,Camilla Castle,4669,101
India,5/2/2022,Milk Bars,Asia,Kaine Padly,2905,91
Australia,5/16/2022,Smooth Sliky Salty,Oceania,Ches Bonnell,7490,54
USA,1/28/2022,Almond Choco,North America,Mallorie Waber,6986,368
Canada,6/24/2022,99% Dark & Pure,North America,Kaine Padly,1288,409
UK,7/18/2022,After Nines,Europe,Oby Sorrel,2345,104
UK,4/13/2022,Eclairs,Europe,Gunar Cockshoot,3619,164
USA,4/15/2022,Caramel Stuffed Bars,North America,Dotty Strutley,16982,76
India,1/4/2022,Peanut Butter Cubes,Asia,Jan Morforth,8092,178
Australia,7/4/2022,Eclairs,Oceania,Husein Augar,6993,31
USA,3/24/2022,Smooth Sliky Salty,North America,Beverie Moffet,2317,352
Australia,3/17/2022,Manuka Honey Choco,Oceania,Camilla Castle,637,169
Australia,2/15/2022,Almond Choco,Oceania,Oby Sorrel,6034,223
USA,6/29/2022,Orange Choco,North America,Jan Morforth,980,146
USA,5/24/2022,Fruit & Nut Bars,North America,Gigi Bohling,2821,112
UK,1/10/2022,Milk Bars,Europe,Mallorie Waber,3563,284
USA,3/15/2022,Raspberry Choco,North America,Curtice Advani,2996,139
Canada,2/8/2022,Milk Bars,North America,Marney O'Breen,2436,309
India,2/25/2022,Caramel Stuffed Bars,Asia,Brien Boise,1540,100
USA,5/3/2022,Eclairs,North America,Gunar Cockshoot,6916,42
USA,6/14/2022,Fruit & Nut Bars,North America,Roddy Speechley,5509,24
India,8/9/2022,50% Dark Bites,Asia,Gunar Cockshoot,12992,83
New Zealand,7/11/2022,Manuka Honey Choco,Oceania,Wilone O'Kielt,3724,234
UK,1/14/2022,Manuka Honey Choco,Europe,Kaine Padly,7133,118
Canada,2/24/2022,Manuka Honey Choco,North America,Van Tuxwell,8617,46
New Zealand,3/15/2022,Almond Choco,Oceania,Wilone O'Kielt,9198,144
New Zealand,4/25/2022,Baker's Choco Chips,Oceania,Oby Sorrel,11823,47
Australia,5/10/2022,Organic Choco Syrup,Oceania,Dennison Crosswaite,5775,41
Australia,6/23/2022,Spicy Special Slims,Oceania,Marney O'Breen,13125,275
Canada,2/28/2022,Smooth Sliky Salty,North America,Beverie Moffet,14287,370
USA,5/25/2022,Organic Choco Syrup,North America,Brien Boise,16233,138
New Zealand,2/22/2022,Baker's Choco Chips,Oceania,Roddy Speechley,5313,215
UK,7/11/2022,85% Dark Bars,Europe,Van Tuxwell,3577,134
Canada,1/3/2022,Spicy Special Slims,North America,Marney O'Breen,3528,336
New Zealand,8/24/2022,70% Dark Bites,Oceania,Rafaelita Blaksland,679,280
USA,7/28/2022,50% Dark Bites,North America,Beverie Moffet,2450,352
USA,5/25/2022,Mint Chip Choco,North America,Brien Boise,10577,150
New Zealand,5/6/2022,Eclairs,Oceania,Karlen McCaffrey,2597,177
India,1/28/2022,Drinking Coco,Asia,Barr Faughny,2219,142
UK,6/6/2022,Orange Choco,Europe,Marney O'Breen,11319,12
New Zealand,7/12/2022,Baker's Choco Chips,Oceania,Brien Boise,5978,24
Canada,8/5/2022,Spicy Special Slims,North America,Ches Bonnell,5327,183
USA,1/28/2022,Orange Choco,North America,Brien Boise,6020,147
India,8/31/2022,Spicy Special Slims,Asia,Kaine Padly,5614,137
USA,4/19/2022,50% Dark Bites,North America,Mallorie Waber,1736,13
UK,6/29/2022,Mint Chip Choco,Europe,Mallorie Waber,6384,2
India,2/24/2022,Choco Coated Almonds,Asia,Beverie Moffet,3577,261
UK,3/4/2022,Smooth Sliky Salty,Europe,Madelene Upcott,14539,84
India,6/21/2022,Eclairs,Asia,Gigi Bohling,3493,68
Australia,1/26/2022,Organic Choco Syrup,Oceania,Rafaelita Blaksland,994,105
New Zealand,6/10/2022,White Choc,Oceania,Oby Sorrel,4361,40
UK,5/23/2022,Drinking Coco,Europe,Andria Kimpton,1554,65
India,4/15/2022,Milk Bars,Asia,Kelci Walkden,966,107
New Zealand,1/31/2022,Caramel Stuffed Bars,Oceania,Karlen McCaffrey,5334,227
New Zealand,3/4/2022,Organic Choco Syrup,Oceania,Andria Kimpton,4935,39
New Zealand,4/19/2022,After Nines,Oceania,Barr Faughny,10024,84
UK,5/16/2022,Almond Choco,Europe,Beverie Moffet,2506,100
Australia,2/17/2022,Raspberry Choco,Oceania,Oby Sorrel,1043,120
USA,1/18/2022,Raspberry Choco,North America,Dennison Crosswaite,6524,257
Canada,2/9/2022,Orange Choco,North America,Roddy Speechley,8148,85
Canada,3/23/2022,Orange Choco,North America,Mallorie Waber,3577,178
New Zealand,2/1/2022,Caramel Stuffed Bars,Oceania,Madelene Upcott,3374,151
India,3/7/2022,Drinking Coco,Asia,Mallorie Waber,3948,142
UK,1/3/2022,White Choc,Europe,Ches Bonnell,3269,226
USA,2/11/2022,White Choc,North America,Ches Bonnell,5271,341
New Zealand,3/16/2022,Orange Choco,Oceania,Dennison Crosswaite,4571,140
India,8/15/2022,White Choc,Asia,Dotty Strutley,12327,330
India,5/12/2022,Manuka Honey Choco,Asia,Gigi Bohling,4935,73
India,4/11/2022,Spicy Special Slims,Asia,Van Tuxwell,6167,4
New Zealand,6/30/2022,Mint Chip Choco,Oceania,Jan Morforth,18340,285
New Zealand,6/15/2022,White Choc,Oceania,Dotty Strutley,7014,60
Canada,8/1/2022,Caramel Stuffed Bars,North America,Rafaelita Blaksland,7119,101
USA,6/15/2022,Milk Bars,North America,Kaine Padly,15491,58
India,6/16/2022,After Nines,Asia,Brien Boise,5747,45
New Zealand,5/13/2022,Raspberry Choco,Oceania,Oby Sorrel,4550,281
USA,5/10/2022,Drinking Coco,North America,Dennison Crosswaite,2191,138
India,8/25/2022,Eclairs,Asia,Oby Sorrel,5663,322
New Zealand,7/15/2022,Organic Choco Syrup,Oceania,Ches Bonnell,7623,85
UK,5/16/2022,Baker's Choco Chips,Europe,Gigi Bohling,9023,409
Australia,6/14/2022,50% Dark Bites,Oceania,Jan Morforth,3402,182
Australia,1/25/2022,Smooth Sliky Salty,Oceania,Beverie Moffet,10507,467
USA,7/28/2022,Organic Choco Syrup,North America,Ches Bonnell,7721,14
Canada,1/28/2022,Mint Chip Choco,North America,Brien Boise,5033,178
UK,6/29/2022,Orange Choco,Europe,Kaine Padly,1960,191
Australia,6/24/2022,70% Dark Bites,Oceania,Karlen McCaffrey,238,317
Canada,7/1/2022,Mint Chip Choco,North America,Gunar Cockshoot,7756,410
USA,2/25/2022,Peanut Butter Cubes,North America,Roddy Speechley,1736,137
Canada,8/1/2022,Smooth Sliky Salty,North America,Curtice Advani,2660,12
Australia,6/21/2022,Milk Bars,Oceania,Oby Sorrel,7672,254
New Zealand,1/25/2022,Spicy Special Slims,Oceania,Camilla Castle,11564,24
UK,5/17/2022,Milk Bars,Europe,Gigi Bohling,1365,232
Australia,8/23/2022,85% Dark Bars,Oceania,Andria Kimpton,4186,233
Australia,3/3/2022,Smooth Sliky Salty,Oceania,Camilla Castle,7406,118
India,5/30/2022,Caramel Stuffed Bars,Asia,Roddy Speechley,8911,543
USA,6/29/2022,Drinking Coco,North America,Karlen McCaffrey,112,223
Canada,1/4/2022,Organic Choco Syrup,North America,Andria Kimpton,8204,204
Australia,1/14/2022,Drinking Coco,Oceania,Jehu Rudeforth,2611,65
USA,2/15/2022,Mint Chip Choco,North America,Karlen McCaffrey,15652,53
New Zealand,1/10/2022,Spicy Special Slims,Oceania,Curtice Advani,4074,469
USA,5/4/2022,White Choc,North America,Madelene Upcott,12250,213
USA,5/23/2022,Spicy Special Slims,North America,Andria Kimpton,2366,5
New Zealand,4/26/2022,Fruit & Nut Bars,Oceania,Barr Faughny,1687,147
Canada,7/5/2022,Organic Choco Syrup,North America,Oby Sorrel,1232,74
UK,7/21/2022,Organic Choco Syrup,Europe,Madelene Upcott,6965,163
USA,2/21/2022,Mint Chip Choco,North America,Dotty Strutley,5292,248
USA,2/3/2022,Orange Choco,North America,Kelci Walkden,1379,138
Australia,7/8/2022,Caramel Stuffed Bars,Oceania,Gigi Bohling,8001,151
India,5/31/2022,50% Dark Bites,Asia,Mallorie Waber,588,139
New Zealand,6/27/2022,Mint Chip Choco,Oceania,Van Tuxwell,4046,103
India,5/13/2022,50% Dark Bites,Asia,Van Tuxwell,5103,129
USA,5/31/2022,Manuka Honey Choco,North America,Van Tuxwell,2317,102
USA,2/28/2022,Orange Choco,North America,Wilone O'Kielt,7042,37
New Zealand,3/28/2022,Eclairs,Oceania,Barr Faughny,6713,31
USA,1/14/2022,After Nines,North America,Gigi Bohling,1848,227
New Zealand,2/21/2022,Mint Chip Choco,Oceania,Barr Faughny,6440,145
Canada,8/1/2022,85% Dark Bars,North America,Dennison Crosswaite,10885,90
New Zealand,5/19/2022,Smooth Sliky Salty,Oceania,Beverie Moffet,2387,59
USA,7/13/2022,White Choc,North America,Husein Augar,2030,60
Australia,4/20/2022,Peanut Butter Cubes,Oceania,Andria Kimpton,6678,148
India,6/30/2022,85% Dark Bars,Asia,Dennison Crosswaite,4515,22
UK,3/8/2022,50% Dark Bites,Europe,Curtice Advani,3374,142
USA,3/9/2022,Fruit & Nut Bars,North America,Gunar Cockshoot,5852,93
Canada,6/16/2022,Raspberry Choco,North America,Oby Sorrel,1750,208
UK,6/30/2022,Drinking Coco,Europe,Gigi Bohling,5782,42
India,7/28/2022,Mint Chip Choco,Asia,Kelci Walkden,2870,120
Canada,8/12/2022,Peanut Butter Cubes,North America,Karlen McCaffrey,3094,159
UK,7/7/2022,Mint Chip Choco,Europe,Barr Faughny,3724,316
USA,8/25/2022,85% Dark Bars,North America,Barr Faughny,12761,47
Canada,1/17/2022,Eclairs,North America,Husein Augar,3696,233
Australia,3/4/2022,70% Dark Bites,Oceania,Jan Morforth,5222,384
New Zealand,8/25/2022,Fruit & Nut Bars,Oceania,Marney O'Breen,8939,4
UK,4/15/2022,Peanut Butter Cubes,Europe,Ches Bonnell,2156,260
USA,3/11/2022,Organic Choco Syrup,North America,Kaine Padly,2380,22
USA,5/20/2022,Raspberry Choco,North America,Camilla Castle,3339,18
New Zealand,6/14/2022,Manuka Honey Choco,Oceania,Brien Boise,14980,42
New Zealand,4/14/2022,After Nines,Oceania,Jehu Rudeforth,1512,73
USA,7/7/2022,Smooth Sliky Salty,North America,Jehu Rudeforth,6657,154
India,8/24/2022,Mint Chip Choco,Asia,Madelene Upcott,3836,71
India,2/24/2022,Eclairs,Asia,Jehu Rudeforth,8771,127
Canada,5/9/2022,Raspberry Choco,North America,Karlen McCaffrey,651,224
Australia,2/8/2022,70% Dark Bites,Oceania,Kaine Padly,6706,223
UK,3/24/2022,70% Dark Bites,Europe,Roddy Speechley,1421,284
USA,6/20/2022,Drinking Coco,North America,Rafaelita Blaksland,8526,73
Canada,3/7/2022,Manuka Honey Choco,North America,Mallorie Waber,1435,112
Australia,6/20/2022,Fruit & Nut Bars,Oceania,Kaine Padly,7434,85
New Zealand,2/17/2022,Organic Choco Syrup,Oceania,Oby Sorrel,15316,270
UK,1/26/2022,99% Dark & Pure,Europe,Madelene Upcott,10479,45
Australia,5/2/2022,Mint Chip Choco,Oceania,Madelene Upcott,2751,153
Canada,7/7/2022,99% Dark & Pure,North America,Curtice Advani,12586,7
Australia,8/22/2022,Baker's Choco Chips,Oceania,Rafaelita Blaksland,2786,51
Australia,8/11/2022,After Nines,Oceania,Karlen McCaffrey,2303,67
UK,1/13/2022,99% Dark & Pure,Europe,Marney O'Breen,8113,194
Australia,3/2/2022,50% Dark Bites,Oceania,Gunar Cockshoot,12271,116
Australia,7/27/2022,Choco Coated Almonds,Oceania,Marney O'Breen,11298,41
New Zealand,3/10/2022,Drinking Coco,Oceania,Kelci Walkden,15855,111
USA,8/23/2022,85% Dark Bars,North America,Beverie Moffet,12404,334
USA,4/25/2022,Eclairs,North America,Roddy Speechley,3990,155
UK,3/7/2022,Milk Bars,Europe,Dennison Crosswaite,10808,407
UK,7/12/2022,Organic Choco Syrup,Europe,Wilone O'Kielt,4858,52
USA,5/16/2022,Orange Choco,North America,Madelene Upcott,7742,138
India,3/2/2022,Smooth Sliky Salty,Asia,Gunar Cockshoot,3752,70
New Zealand,5/30/2022,85% Dark Bars,Oceania,Marney O'Breen,1218,149
UK,6/10/2022,Manuka Honey Choco,Europe,Marney O'Breen,10983,179
USA,7/25/2022,99% Dark & Pure,North America,Brien Boise,6769,353
New Zealand,6/9/2022,Mint Chip Choco,Oceania,Beverie Moffet,4361,97
USA,5/12/2022,Milk Bars,North America,Dennison Crosswaite,777,60
USA,5/9/2022,Drinking Coco,North America,Gunar Cockshoot,3843,5
Canada,8/9/2022,Manuka Honey Choco,North America,Brien Boise,6930,182
India,4/13/2022,Choco Coated Almonds,Asia,Van Tuxwell,5733,114
USA,5/2/2022,Caramel Stuffed Bars,North America,Andria Kimpton,8393,46
USA,8/9/2022,99% Dark & Pure,North America,Dotty Strutley,3822,320
Australia,8/23/2022,Raspberry Choco,Oceania,Camilla Castle,6342,178
India,5/13/2022,Spicy Special Slims,Asia,Gunar Cockshoot,6510,170
USA,2/1/2022,Manuka Honey Choco,North America,Karlen McCaffrey,10171,67
USA,6/23/2022,50% Dark Bites,North America,Camilla Castle,5908,301
UK,5/24/2022,Choco Coated Almonds,Europe,Madelene Upcott,10164,134
Canada,4/1/2022,Mint Chip Choco,North America,Jan Morforth,1064,211
Canada,7/27/2022,70% Dark Bites,North America,Camilla Castle,9716,151
India,1/27/2022,Peanut Butter Cubes,Asia,Ches Bonnell,22050,208
India,8/12/2022,Choco Coated Almonds,Asia,Jan Morforth,2541,134
Canada,2/1/2022,Almond Choco,North America,Gigi Bohling,9989,49
India,3/2/2022,After Nines,Asia,Rafaelita Blaksland,4739,204
Australia,6/30/2022,99% Dark & Pure,Oceania,Kelci Walkden,3185,34
Australia,1/17/2022,Spicy Special Slims,Oceania,Dotty Strutley,8225,91
USA,7/7/2022,Milk Bars,North America,Brien Boise,14301,130
New Zealand,1/31/2022,Mint Chip Choco,Oceania,Mallorie Waber,1316,107
UK,8/10/2022,99% Dark & Pure,Europe,Beverie Moffet,3486,121
USA,8/18/2022,Peanut Butter Cubes,North America,Beverie Moffet,13930,339
New Zealand,6/15/2022,White Choc,Oceania,Brien Boise,5509,321
USA,1/26/2022,Baker's Choco Chips,North America,Marney O'Breen,8470,9
USA,4/29/2022,Spicy Special Slims,North America,Kelci Walkden,77,69
Canada,3/3/2022,White Choc,North America,Mallorie Waber,3381,72
Australia,2/22/2022,Almond Choco,Oceania,Kaine Padly,4102,392
USA,3/4/2022,Smooth Sliky Salty,North America,Oby Sorrel,3577,158
India,7/7/2022,Smooth Sliky Salty,Asia,Dennison Crosswaite,2975,9
New Zealand,6/17/2022,Caramel Stuffed Bars,Oceania,Camilla Castle,4137,347
Canada,8/2/2022,Caramel Stuffed Bars,North America,Jan Morforth,9541,114
USA,8/12/2022,Baker's Choco Chips,North America,Oby Sorrel,8001,120
New Zealand,1/28/2022,Peanut Butter Cubes,Oceania,Madelene Upcott,5152,333
Australia,4/29/2022,Orange Choco,Oceania,Kelci Walkden,11116,432
Australia,4/5/2022,Manuka Honey Choco,Oceania,Marney O'Breen,13076,236
Canada,1/18/2022,Manuka Honey Choco,North America,Kaine Padly,10213,135
UK,5/16/2022,Baker's Choco Chips,Europe,Jehu Rudeforth,2485,97
Australia,8/24/2022,White Choc,Oceania,Kelci Walkden,8715,168
India,1/18/2022,85% Dark Bars,Asia,Curtice Advani,273,402
USA,8/22/2022,Eclairs,North America,Kaine Padly,7623,10
UK,3/7/2022,99% Dark & Pure,Europe,Gunar Cockshoot,7,84
UK,3/4/2022,Choco Coated Almonds,Europe,Beverie Moffet,3010,69
Canada,4/22/2022,Manuka Honey Choco,North America,Dotty Strutley,11550,111
Australia,6/9/2022,Milk Bars,Oceania,Kaine Padly,4046,89
Canada,7/25/2022,Fruit & Nut Bars,North America,Jan Morforth,8904,199
India,8/3/2022,Smooth Sliky Salty,Asia,Jan Morforth,11298,89
Australia,8/3/2022,Manuka Honey Choco,Oceania,Rafaelita Blaksland,4396,131
UK,5/3/2022,Milk Bars,Europe,Jehu Rudeforth,12068,227
Canada,1/19/2022,After Nines,North America,Husein Augar,9772,301
USA,2/11/2022,50% Dark Bites,North America,Roddy Speechley,10458,316
India,6/14/2022,Almond Choco,Asia,Van Tuxwell,6426,390
USA,3/23/2022,50% Dark Bites,North America,Kelci Walkden,6188,223
Canada,2/17/2022,85% Dark Bars,North America,Madelene Upcott,7504,101
Canada,3/17/2022,Smooth Sliky Salty,North America,Dennison Crosswaite,1750,479
Australia,6/29/2022,Spicy Special Slims,Oceania,Mallorie Waber,5439,287
Canada,8/24/2022,Choco Coated Almonds,North America,Ches Bonnell,15547,269
Canada,7/4/2022,Spicy Special Slims,North America,Gigi Bohling,11956,277
New Zealand,3/28/2022,Almond Choco,Oceania,Roddy Speechley,2723,67
India,4/19/2022,Smooth Sliky Salty,Asia,Curtice Advani,19327,135
New Zealand,1/18/2022,Mint Chip Choco,Oceania,Ches Bonnell,9058,229
New Zealand,1/17/2022,Fruit & Nut Bars,Oceania,Van Tuxwell,2996,88
New Zealand,2/15/2022,Mint Chip Choco,Oceania,Andria Kimpton,8848,211
UK,2/11/2022,Milk Bars,Europe,Andria Kimpton,14336,293
USA,3/21/2022,Manuka Honey Choco,North America,Camilla Castle,16401,179
New Zealand,1/5/2022,Almond Choco,Oceania,Gunar Cockshoot,5173,129
India,5/30/2022,Raspberry Choco,Asia,Brien Boise,6328,164
USA,1/4/2022,99% Dark & Pure,North America,Jehu Rudeforth,2534,219
Australia,4/22/2022,Fruit & Nut Bars,Oceania,Beverie Moffet,1435,258
Canada,2/10/2022,Milk Bars,North America,Gigi Bohling,3052,116
India,8/12/2022,Spicy Special Slims,Asia,Dotty Strutley,910,204
USA,8/10/2022,Organic Choco Syrup,North America,Gunar Cockshoot,2331,321
Australia,6/7/2022,Raspberry Choco,Oceania,Kelci Walkden,679,56
India,6/6/2022,Baker's Choco Chips,Asia,Jehu Rudeforth,2086,74
New Zealand,4/5/2022,Baker's Choco Chips,Oceania,Karlen McCaffrey,5012,189
USA,4/18/2022,50% Dark Bites,North America,Wilone O'Kielt,4501,131
India,1/31/2022,50% Dark Bites,Asia,Andria Kimpton,13482,15
USA,8/22/2022,Baker's Choco Chips,North America,Madelene Upcott,5621,140
Australia,2/25/2022,99% Dark & Pure,Oceania,Jehu Rudeforth,10486,198
Australia,2/22/2022,Mint Chip Choco,Oceania,Jan Morforth,17626,103
New Zealand,1/12/2022,Milk Bars,Oceania,Oby Sorrel,4494,187
UK,5/25/2022,Almond Choco,Europe,Brien Boise,105,125
India,2/1/2022,Smooth Sliky Salty,Asia,Kelci Walkden,2464,8
UK,4/27/2022,Eclairs,Europe,Rafaelita Blaksland,1379,70
USA,7/22/2022,Smooth Sliky Salty,North America,Gigi Bohling,2583,126
New Zealand,1/26/2022,Mint Chip Choco,Oceania,Curtice Advani,3220,265
USA,8/24/2022,Mint Chip Choco,North America,Curtice Advani,4802,296
New Zealand,1/18/2022,Fruit & Nut Bars,Oceania,Madelene Upcott,5677,21
India,3/30/2022,85% Dark Bars,Asia,Karlen McCaffrey,945,83
Australia,1/17/2022,Caramel Stuffed Bars,Oceania,Ches Bonnell,8757,162
USA,2/17/2022,Fruit & Nut Bars,North America,Kelci Walkden,4816,145
Canada,4/8/2022,Peanut Butter Cubes,North America,Kelci Walkden,7532,44
Canada,7/6/2022,Drinking Coco,North America,Gigi Bohling,3549,82
India,4/4/2022,Fruit & Nut Bars,Asia,Husein Augar,4340,226
New Zealand,3/2/2022,Organic Choco Syrup,Oceania,Jan Morforth,1799,207
New Zealand,8/9/2022,Raspberry Choco,Oceania,Gigi Bohling,1127,176
Australia,6/9/2022,Milk Bars,Oceania,Dennison Crosswaite,10038,286
UK,6/2/2022,Caramel Stuffed Bars,Europe,Ches Bonnell,2926,300
USA,7/5/2022,Fruit & Nut Bars,North America,Van Tuxwell,6279,235
Canada,8/11/2022,Eclairs,North America,Andria Kimpton,308,125
India,2/11/2022,Choco Coated Almonds,Asia,Madelene Upcott,3500,145
New Zealand,8/11/2022,Spicy Special Slims,Oceania,Kelci Walkden,658,65
Australia,5/12/2022,Drinking Coco,Oceania,Roddy Speechley,12565,102
USA,7/15/2022,Milk Bars,North America,Wilone O'Kielt,5012,93
India,1/18/2022,Organic Choco Syrup,Asia,Andria Kimpton,3955,134
UK,1/5/2022,Fruit & Nut Bars,Europe,Madelene Upcott,8512,189
Australia,6/29/2022,50% Dark Bites,Oceania,Curtice Advani,504,232
Canada,6/14/2022,Raspberry Choco,North America,Brien Boise,2800,45
India,8/8/2022,Mint Chip Choco,Asia,Gunar Cockshoot,4256,67
India,3/23/2022,Mint Chip Choco,Asia,Dennison Crosswaite,13573,138
India,1/4/2022,Caramel Stuffed Bars,Asia,Barr Faughny,6566,99
India,2/22/2022,Milk Bars,Asia,Brien Boise,13503,251
UK,2/17/2022,Spicy Special Slims,Europe,Beverie Moffet,8680,252
USA,2/3/2022,Almond Choco,North America,Barr Faughny,385,78
Canada,3/17/2022,Raspberry Choco,North America,Van Tuxwell,1267,130
Australia,1/25/2022,Baker's Choco Chips,Oceania,Wilone O'Kielt,2961,154
Australia,7/27/2022,Milk Bars,Oceania,Brien Boise,1981,52
Australia,1/28/2022,Fruit & Nut Bars,Oceania,Husein Augar,7959,53
Australia,7/5/2022,Organic Choco Syrup,Oceania,Madelene Upcott,10794,50
India,3/15/2022,White Choc,Asia,Van Tuxwell,1897,44
Canada,8/4/2022,After Nines,North America,Gunar Cockshoot,2744,200
USA,6/27/2022,Fruit & Nut Bars,North America,Jan Morforth,4382,361
Canada,7/13/2022,After Nines,North America,Jan Morforth,4515,172
New Zealand,2/24/2022,Manuka Honey Choco,Oceania,Barr Faughny,5474,239
New Zealand,6/28/2022,85% Dark Bars,Oceania,Karlen McCaffrey,6069,55
Australia,6/30/2022,85% Dark Bars,Oceania,Oby Sorrel,6944,27
Canada,8/18/2022,Choco Coated Almonds,North America,Curtice Advani,5859,7
India,1/24/2022,70% Dark Bites,Asia,Kaine Padly,12173,301
USA,3/11/2022,White Choc,North America,Beverie Moffet,5292,134
New Zealand,6/23/2022,After Nines,Oceania,Ches Bonnell,5705,350
India,8/22/2022,Spicy Special Slims,Asia,Husein Augar,2492,33
Canada,1/4/2022,50% Dark Bites,North America,Gunar Cockshoot,3024,23
India,4/5/2022,Milk Bars,Asia,Curtice Advani,3437,201
India,4/15/2022,Milk Bars,Asia,Beverie Moffet,1869,323
Australia,5/11/2022,White Choc,Oceania,Husein Augar,3171,220
Canada,7/21/2022,Manuka Honey Choco,North America,Andria Kimpton,4858,488
New Zealand,2/11/2022,Orange Choco,Oceania,Jan Morforth,1225,84
Canada,7/8/2022,Smooth Sliky Salty,North America,Andria Kimpton,1155,79
UK,8/11/2022,Raspberry Choco,Europe,Gunar Cockshoot,6811,344
New Zealand,8/4/2022,After Nines,Oceania,Husein Augar,6433,7
New Zealand,6/14/2022,Orange Choco,Oceania,Andria Kimpton,8169,88
UK,1/17/2022,Baker's Choco Chips,Europe,Dennison Crosswaite,2275,275
Canada,6/23/2022,Orange Choco,North America,Jehu Rudeforth,3857,512
UK,8/24/2022,Smooth Sliky Salty,Europe,Jehu Rudeforth,1463,113
UK,6/7/2022,Caramel Stuffed Bars,Europe,Andria Kimpton,7924,275
UK,6/22/2022,White Choc,Europe,Jan Morforth,8799,47
USA,7/13/2022,Fruit & Nut Bars,North America,Dotty Strutley,2898,276
UK,5/24/2022,Choco Coated Almonds,Europe,Kelci Walkden,9506,212
New Zealand,8/9/2022,After Nines,Oceania,Gunar Cockshoot,7175,145
Canada,4/6/2022,85% Dark Bars,North America,Kaine Padly,1729,31
New Zealand,7/28/2022,Manuka Honey Choco,Oceania,Jan Morforth,1589,271
New Zealand,8/24/2022,Raspberry Choco,Oceania,Gunar Cockshoot,630,52
Australia,1/17/2022,99% Dark & Pure,Oceania,Van Tuxwell,112,128
USA,2/7/2022,Drinking Coco,North America,Curtice Advani,5187,142
Australia,5/9/2022,Spicy Special Slims,Oceania,Brien Boise,6223,256
New Zealand,6/6/2022,85% Dark Bars,Oceania,Mallorie Waber,7714,106
USA,6/6/2022,Choco Coated Almonds,North America,Wilone O'Kielt,9457,6
New Zealand,5/24/2022,Organic Choco Syrup,Oceania,Beverie Moffet,6678,226
UK,1/13/2022,50% Dark Bites,Europe,Gunar Cockshoot,2107,121
USA,5/23/2022,Raspberry Choco,North America,Marney O'Breen,6069,151
UK,6/29/2022,White Choc,Europe,Jehu Rudeforth,1862,284
New Zealand,3/11/2022,85% Dark Bars,Oceania,Jehu Rudeforth,6972,89
USA,4/25/2022,85% Dark Bars,North America,Dotty Strutley,10220,508
Australia,5/30/2022,Smooth Sliky Salty,Oceania,Rafaelita Blaksland,3969,243
India,5/23/2022,Manuka Honey Choco,Asia,Curtice Advani,1547,170
USA,5/23/2022,Peanut Butter Cubes,North America,Mallorie Waber,1162,18
Canada,6/24/2022,Peanut Butter Cubes,North America,Van Tuxwell,6342,282
New Zealand,3/11/2022,Smooth Sliky Salty,Oceania,Kelci Walkden,10633,277
USA,7/27/2022,Smooth Sliky Salty,North America,Rafaelita Blaksland,15057,212
USA,8/16/2022,White Choc,North America,Rafaelita Blaksland,4704,126
Canada,3/7/2022,Smooth Sliky Salty,North America,Roddy Speechley,9338,11
New Zealand,4/5/2022,After Nines,Oceania,Curtice Advani,7959,30
India,5/4/2022,85% Dark Bars,Asia,Camilla Castle,9023,51
USA,1/4/2022,Choco Coated Almonds,North America,Ches Bonnell,14525,92
Australia,1/13/2022,Baker's Choco Chips,Oceania,Marney O'Breen,5810,101
New Zealand,7/11/2022,Fruit & Nut Bars,Oceania,Wilone O'Kielt,6426,98
Australia,5/17/2022,Mint Chip Choco,Oceania,Kaine Padly,4403,159
New Zealand,7/21/2022,Peanut Butter Cubes,Oceania,Camilla Castle,1582,62
Canada,2/22/2022,Organic Choco Syrup,North America,Curtice Advani,791,22
India,5/23/2022,99% Dark & Pure,Asia,Jan Morforth,9100,187
Canada,7/12/2022,Drinking Coco,North America,Rafaelita Blaksland,9884,200
UK,6/15/2022,Orange Choco,Europe,Jan Morforth,3780,201
New Zealand,6/23/2022,50% Dark Bites,Oceania,Barr Faughny,4557,308
Australia,3/25/2022,Eclairs,Oceania,Curtice Advani,5796,55
India,7/4/2022,Caramel Stuffed Bars,Asia,Jan Morforth,84,153
UK,5/12/2022,White Choc,Europe,Andria Kimpton,9037,101
New Zealand,4/4/2022,Raspberry Choco,Oceania,Camilla Castle,4746,137
Australia,4/15/2022,Orange Choco,Oceania,Madelene Upcott,6713,398
Canada,3/8/2022,Eclairs,North America,Roddy Speechley,6237,88
India,1/17/2022,White Choc,Asia,Karlen McCaffrey,7483,232
India,8/22/2022,Mint Chip Choco,Asia,Wilone O'Kielt,1309,51
UK,7/25/2022,99% Dark & Pure,Europe,Andria Kimpton,1155,66
UK,6/14/2022,50% Dark Bites,Europe,Marney O'Breen,2989,124
India,4/5/2022,Choco Coated Almonds,Asia,Ches Bonnell,9625,78
UK,8/26/2022,Raspberry Choco,Europe,Madelene Upcott,7357,341
Australia,8/3/2022,50% Dark Bites,Oceania,Wilone O'Kielt,10031,114
Canada,7/11/2022,White Choc,North America,Gigi Bohling,6587,4
New Zealand,3/11/2022,Eclairs,Oceania,Wilone O'Kielt,3311,22
UK,1/10/2022,Peanut Butter Cubes,Europe,Brien Boise,15330,30
UK,4/4/2022,Baker's Choco Chips,Europe,Roddy Speechley,14028,351
Australia,1/17/2022,50% Dark Bites,Oceania,Karlen McCaffrey,6678,708
New Zealand,7/8/2022,Organic Choco Syrup,Oceania,Marney O'Breen,8624,50
UK,4/12/2022,Organic Choco Syrup,Europe,Jan Morforth,1197,356
Canada,8/24/2022,Fruit & Nut Bars,North America,Rafaelita Blaksland,483,185
UK,6/7/2022,Choco Coated Almonds,Europe,Ches Bonnell,1687,236
Canada,7/28/2022,Almond Choco,North America,Gunar Cockshoot,1309,30
USA,2/21/2022,99% Dark & Pure,North America,Husein Augar,9534,111
Canada,4/8/2022,Mint Chip Choco,North America,Dennison Crosswaite,1694,289
UK,6/28/2022,Manuka Honey Choco,Europe,Brien Boise,70,103
UK,3/24/2022,Baker's Choco Chips,Europe,Van Tuxwell,2443,20
Australia,7/29/2022,Caramel Stuffed Bars,Oceania,Barr Faughny,2933,55
USA,5/25/2022,Eclairs,North America,Dennison Crosswaite,2044,90
Australia,3/30/2022,Raspberry Choco,Oceania,Gigi Bohling,6524,303
USA,7/18/2022,Organic Choco Syrup,North America,Dennison Crosswaite,12656,126
Canada,5/10/2022,Orange Choco,North America,Beverie Moffet,8722,109
Australia,3/18/2022,Choco Coated Almonds,Oceania,Mallorie Waber,15750,92
India,6/15/2022,Caramel Stuffed Bars,Asia,Ches Bonnell,6839,56
Canada,5/12/2022,50% Dark Bites,North America,Van Tuxwell,13685,58
New Zealand,6/23/2022,Baker's Choco Chips,Oceania,Kelci Walkden,2912,110
India,4/21/2022,Spicy Special Slims,Asia,Beverie Moffet,3339,171
Australia,8/17/2022,Almond Choco,Oceania,Gigi Bohling,910,117
New Zealand,2/7/2022,Eclairs,Oceania,Rafaelita Blaksland,19481,51
Canada,3/17/2022,Smooth Sliky Salty,North America,Kelci Walkden,8099,118
India,8/1/2022,Baker's Choco Chips,Asia,Jan Morforth,13727,79
Australia,3/18/2022,Milk Bars,Oceania,Jehu Rudeforth,8659,29
Canada,6/14/2022,Fruit & Nut Bars,North America,Gigi Bohling,5782,103
UK,4/22/2022,Eclairs,Europe,Beverie Moffet,8463,155
New Zealand,1/18/2022,Eclairs,Oceania,Marney O'Breen,4914,31
Australia,8/26/2022,99% Dark & Pure,Oceania,Husein Augar,3087,128
New Zealand,6/10/2022,Fruit & Nut Bars,Oceania,Gunar Cockshoot,9205,419
Canada,1/31/2022,70% Dark Bites,North America,Curtice Advani,2303,7
New Zealand,4/8/2022,Manuka Honey Choco,Oceania,Kelci Walkden,1358,106
Australia,6/7/2022,Baker's Choco Chips,Oceania,Dotty Strutley,3605,68
Australia,2/10/2022,85% Dark Bars,Oceania,Barr Faughny,8498,44
Australia,5/16/2022,50% Dark Bites,Oceania,Beverie Moffet,700,457
India,3/18/2022,Baker's Choco Chips,Asia,Gunar Cockshoot,2191,524
Australia,7/13/2022,50% Dark Bites,Oceania,Van Tuxwell,644,137
USA,7/25/2022,Manuka Honey Choco,North America,Oby Sorrel,4340,86
Canada,8/19/2022,Choco Coated Almonds,North America,Van Tuxwell,2282,296
Canada,6/24/2022,70% Dark Bites,North America,Karlen McCaffrey,7714,597
Canada,6/20/2022,Fruit & Nut Bars,North America,Kelci Walkden,826,149
India,8/2/2022,99% Dark & Pure,Asia,Camilla Castle,203,207
New Zealand,2/22/2022,70% Dark Bites,Oceania,Madelene Upcott,13356,93
New Zealand,2/1/2022,Orange Choco,Oceania,Mallorie Waber,6510,23
Canada,2/14/2022,70% Dark Bites,North America,Jan Morforth,5894,305
Australia,2/24/2022,Milk Bars,Oceania,Kelci Walkden,7910,125
India,3/18/2022,Orange Choco,Asia,Dennison Crosswaite,784,129
UK,8/30/2022,Eclairs,Europe,Husein Augar,1750,252
USA,5/9/2022,Peanut Butter Cubes,North America,Gigi Bohling,280,75
USA,1/18/2022,Smooth Sliky Salty,North America,Wilone O'Kielt,504,87
India,7/4/2022,White Choc,Asia,Curtice Advani,7154,342
New Zealand,6/3/2022,Spicy Special Slims,Oceania,Oby Sorrel,1617,13
New Zealand,2/23/2022,Peanut Butter Cubes,Oceania,Beverie Moffet,10822,30
New Zealand,5/9/2022,99% Dark & Pure,Oceania,Dotty Strutley,10724,203
India,6/6/2022,70% Dark Bites,Asia,Kelci Walkden,3640,106
India,7/4/2022,Drinking Coco,Asia,Kelci Walkden,7532,234
New Zealand,6/6/2022,Drinking Coco,Oceania,Brien Boise,1582,100
Australia,5/13/2022,Almond Choco,Oceania,Dotty Strutley,1456,91
New Zealand,1/31/2022,Organic Choco Syrup,Oceania,Wilone O'Kielt,2016,277
New Zealand,6/30/2022,Caramel Stuffed Bars,Oceania,Ches Bonnell,7588,42
Canada,8/25/2022,Manuka Honey Choco,North America,Barr Faughny,3402,249
New Zealand,1/10/2022,Smooth Sliky Salty,Oceania,Gigi Bohling,700,97
USA,8/22/2022,Manuka Honey Choco,North America,Brien Boise,1904,8
New Zealand,4/14/2022,85% Dark Bars,Oceania,Roddy Speechley,4844,275
UK,5/31/2022,Smooth Sliky Salty,Europe,Oby Sorrel,9625,313
UK,4/8/2022,Raspberry Choco,Europe,Oby Sorrel,4599,323
USA,2/21/2022,Drinking Coco,North America,Roddy Speechley,3003,155
Australia,3/30/2022,Manuka Honey Choco,Oceania,Andria Kimpton,9744,377
India,3/2/2022,Raspberry Choco,Asia,Mallorie Waber,1400,2
USA,7/28/2022,Orange Choco,North America,Jehu Rudeforth,364,170
New Zealand,3/24/2022,70% Dark Bites,Oceania,Kaine Padly,7231,38
Australia,8/11/2022,After Nines,Oceania,Curtice Advani,63,105
UK,5/17/2022,Almond Choco,Europe,Husein Augar,8309,166
Canada,5/18/2022,Choco Coated Almonds,North America,Kaine Padly,3164,164
UK,8/17/2022,Peanut Butter Cubes,Europe,Roddy Speechley,5691,171
New Zealand,4/4/2022,Eclairs,Oceania,Ches Bonnell,490,49
India,8/9/2022,85% Dark Bars,Asia,Brien Boise,18032,205
New Zealand,1/17/2022,Organic Choco Syrup,Oceania,Brien Boise,637,313
Canada,2/14/2022,White Choc,North America,Andria Kimpton,4067,29
New Zealand,5/16/2022,Orange Choco,Oceania,Gigi Bohling,8204,307
Canada,3/16/2022,Smooth Sliky Salty,North America,Ches Bonnell,9870,121
Canada,1/31/2022,70% Dark Bites,North America,Husein Augar,5131,285
Canada,3/10/2022,Organic Choco Syrup,North America,Barr Faughny,1141,205
UK,6/30/2022,Organic Choco Syrup,Europe,Oby Sorrel,7980,157
New Zealand,3/1/2022,Eclairs,Oceania,Van Tuxwell,5229,182
UK,5/27/2022,Drinking Coco,Europe,Mallorie Waber,3423,100
UK,7/11/2022,Milk Bars,Europe,Oby Sorrel,6468,223
New Zealand,3/2/2022,Mint Chip Choco,Oceania,Karlen McCaffrey,4326,61
USA,3/4/2022,Raspberry Choco,North America,Jehu Rudeforth,7154,133
UK,6/23/2022,85% Dark Bars,Europe,Kelci Walkden,3997,228
USA,1/27/2022,Almond Choco,North America,Kelci Walkden,5180,233
Canada,1/14/2022,Orange Choco,North America,Marney O'Breen,2723,425
India,7/29/2022,Fruit & Nut Bars,Asia,Dennison Crosswaite,952,24
Canada,5/13/2022,Smooth Sliky Salty,North America,Brien Boise,5691,495
Canada,2/3/2022,Baker's Choco Chips,North America,Barr Faughny,10969,170
India,5/27/2022,Smooth Sliky Salty,Asia,Brien Boise,5964,26
Australia,2/18/2022,Drinking Coco,Oceania,Jan Morforth,2821,24
India,1/28/2022,Spicy Special Slims,Asia,Brien Boise,1302,33
UK,6/29/2022,Eclairs,Europe,Van Tuxwell,5474,109
India,1/13/2022,Caramel Stuffed Bars,Asia,Wilone O'Kielt,4179,276
UK,6/27/2022,After Nines,Europe,Jehu Rudeforth,1946,164
Canada,3/29/2022,White Choc,North America,Barr Faughny,4291,1
India,6/3/2022,Organic Choco Syrup,Asia,Gunar Cockshoot,7196,160
Canada,3/21/2022,Smooth Sliky Salty,North America,Mallorie Waber,1939,98
India,4/12/2022,Eclairs,Asia,Mallorie Waber,10437,46
Australia,1/19/2022,Raspberry Choco,Oceania,Rafaelita Blaksland,6916,259
UK,4/6/2022,50% Dark Bites,Europe,Karlen McCaffrey,3647,310
Australia,8/2/2022,50% Dark Bites,Oceania,Kaine Padly,8995,78
Australia,4/12/2022,Eclairs,Oceania,Gigi Bohling,7252,136
India,7/21/2022,Drinking Coco,Asia,Oby Sorrel,16380,130
New Zealand,3/22/2022,Baker's Choco Chips,Oceania,Van Tuxwell,9660,24
India,5/9/2022,Peanut Butter Cubes,Asia,Husein Augar,4522,5
Australia,8/9/2022,Baker's Choco Chips,Oceania,Andria Kimpton,329,109
Canada,7/20/2022,Choco Coated Almonds,North America,Madelene Upcott,3458,294
India,4/14/2022,70% Dark Bites,Asia,Brien Boise,4641,413
Canada,1/25/2022,White Choc,North America,Jehu Rudeforth,4627,136
Australia,4/25/2022,Almond Choco,Oceania,Andria Kimpton,3192,175
Canada,1/17/2022,After Nines,North America,Dotty Strutley,252,237
USA,8/15/2022,Eclairs,North America,Karlen McCaffrey,868,125
Canada,6/2/2022,Fruit & Nut Bars,North America,Karlen McCaffrey,210,16
USA,6/30/2022,85% Dark Bars,North America,Gunar Cockshoot,7007,135
New Zealand,2/10/2022,Raspberry Choco,Oceania,Dotty Strutley,5845,91
Canada,2/23/2022,Caramel Stuffed Bars,North America,Marney O'Breen,1372,614
India,1/27/2022,Organic Choco Syrup,Asia,Dennison Crosswaite,8428,216
UK,5/26/2022,Mint Chip Choco,Europe,Camilla Castle,4977,317
USA,4/14/2022,70% Dark Bites,North America,Brien Boise,1694,21
Australia,8/1/2022,99% Dark & Pure,Oceania,Madelene Upcott,4326,154
Australia,8/22/2022,Eclairs,Oceania,Mallorie Waber,9527,222
India,7/22/2022,99% Dark & Pure,Asia,Marney O'Breen,10766,157
USA,4/28/2022,Fruit & Nut Bars,North America,Husein Augar,1288,27
Australia,5/30/2022,Almond Choco,Oceania,Kelci Walkden,4879,350
USA,7/21/2022,Milk Bars,North America,Ches Bonnell,2408,157
UK,8/2/2022,Caramel Stuffed Bars,Europe,Jan Morforth,3094,468
New Zealand,6/15/2022,70% Dark Bites,Oceania,Brien Boise,7231,130
India,7/5/2022,85% Dark Bars,Asia,Oby Sorrel,8981,130
New Zealand,4/12/2022,Smooth Sliky Salty,Oceania,Kaine Padly,7,518
Australia,8/18/2022,70% Dark Bites,Oceania,Gigi Bohling,1372,105
UK,1/12/2022,50% Dark Bites,Europe,Jan Morforth,5250,293
Canada,8/11/2022,White Choc,North America,Gunar Cockshoot,7560,15
Australia,1/13/2022,Spicy Special Slims,Oceania,Jehu Rudeforth,5012,384
UK,4/29/2022,Baker's Choco Chips,Europe,Husein Augar,3038,135
New Zealand,7/7/2022,After Nines,Oceania,Rafaelita Blaksland,1099,92
New Zealand,3/11/2022,Mint Chip Choco,Oceania,Madelene Upcott,7413,4
UK,2/16/2022,70% Dark Bites,Europe,Madelene Upcott,5397,239
Australia,1/7/2022,Organic Choco Syrup,Oceania,Barr Faughny,2303,33
New Zealand,1/12/2022,Drinking Coco,Oceania,Beverie Moffet,1141,518
India,6/9/2022,Eclairs,Asia,Beverie Moffet,10325,147
India,5/16/2022,Eclairs,Asia,Andria Kimpton,2149,84
UK,6/23/2022,85% Dark Bars,Europe,Gigi Bohling,12362,94
UK,1/28/2022,Raspberry Choco,Europe,Roddy Speechley,12635,194
UK,7/14/2022,Mint Chip Choco,Europe,Dotty Strutley,2443,216
Canada,4/18/2022,Drinking Coco,North America,Barr Faughny,6237,247
USA,6/14/2022,Milk Bars,North America,Oby Sorrel,1736,79
UK,4/15/2022,Orange Choco,Europe,Oby Sorrel,7315,237
Canada,5/19/2022,Peanut Butter Cubes,North America,Curtice Advani,4935,63
India,4/13/2022,White Choc,Asia,Gigi Bohling,1393,172
Canada,8/15/2022,Choco Coated Almonds,North America,Husein Augar,3381,408
India,8/22/2022,Choco Coated Almonds,Asia,Wilone O'Kielt,2933,233
New Zealand,4/22/2022,Baker's Choco Chips,Oceania,Wilone O'Kielt,3836,59
UK,8/3/2022,Choco Coated Almonds,Europe,Kaine Padly,8022,123
New Zealand,1/4/2022,Organic Choco Syrup,Oceania,Dennison Crosswaite,371,229
Canada,1/13/2022,After Nines,North America,Kelci Walkden,16702,198
Australia,5/11/2022,Baker's Choco Chips,Oceania,Van Tuxwell,13258,32
New Zealand,2/16/2022,Peanut Butter Cubes,Oceania,Husein Augar,2058,236
UK,5/20/2022,Caramel Stuffed Bars,Europe,Kaine Padly,10192,67
UK,2/3/2022,Drinking Coco,Europe,Jehu Rudeforth,7140,438
India,5/6/2022,Manuka Honey Choco,Asia,Beverie Moffet,9835,167
UK,6/30/2022,Choco Coated Almonds,Europe,Gunar Cockshoot,5775,135
UK,3/22/2022,Smooth Sliky Salty,Europe,Gunar Cockshoot,749,148
Canada,2/17/2022,Orange Choco,North America,Camilla Castle,7770,54
UK,7/7/2022,85% Dark Bars,Europe,Jehu Rudeforth,5502,64
UK,3/16/2022,70% Dark Bites,Europe,Oby Sorrel,6223,181
UK,8/12/2022,99% Dark & Pure,Europe,Kelci Walkden,3507,114
New Zealand,1/21/2022,After Nines,Oceania,Gigi Bohling,5600,181
Australia,5/6/2022,50% Dark Bites,Oceania,Oby Sorrel,721,151
Canada,6/24/2022,50% Dark Bites,North America,Oby Sorrel,6615,137
USA,5/5/2022,White Choc,North America,Barr Faughny,7420,163
New Zealand,3/25/2022,99% Dark & Pure,Oceania,Rafaelita Blaksland,3164,84
Australia,2/14/2022,Caramel Stuffed Bars,Oceania,Curtice Advani,9114,140
New Zealand,5/12/2022,85% Dark Bars,Oceania,Curtice Advani,5404,187
New Zealand,1/25/2022,Smooth Sliky Salty,Oceania,Barr Faughny,3990,169
UK,6/28/2022,85% Dark Bars,Europe,Ches Bonnell,14924,12
Australia,7/13/2022,Drinking Coco,Oceania,Dennison Crosswaite,7091,194
USA,5/16/2022,Milk Bars,North America,Roddy Speechley,2807,252
India,3/14/2022,After Nines,Asia,Jan Morforth,6496,168
USA,8/15/2022,After Nines,North America,Gunar Cockshoot,3738,261
India,2/16/2022,Orange Choco,Asia,Ches Bonnell,1190,256
UK,6/15/2022,Manuka Honey Choco,Europe,Mallorie Waber,8379,43
Australia,5/27/2022,Raspberry Choco,Oceania,Barr Faughny,9268,100
USA,6/14/2022,Drinking Coco,North America,Wilone O'Kielt,1029,98
India,2/25/2022,Eclairs,Asia,Wilone O'Kielt,3549,76
India,8/4/2022,After Nines,Asia,Wilone O'Kielt,12026,262
India,6/28/2022,99% Dark & Pure,Asia,Kelci Walkden,2303,244
Canada,4/5/2022,Spicy Special Slims,North America,Gunar Cockshoot,13405,12
Canada,7/5/2022,Peanut Butter Cubes,North America,Madelene Upcott,14763,113
New Zealand,1/20/2022,Eclairs,Oceania,Kaine Padly,12894,48
New Zealand,2/16/2022,Drinking Coco,Oceania,Ches Bonnell,8302,131
UK,7/12/2022,Drinking Coco,Europe,Curtice Advani,455,174
India,6/16/2022,Raspberry Choco,Asia,Kelci Walkden,8183,254
Australia,4/13/2022,Choco Coated Almonds,Oceania,Dotty Strutley,1645,284
UK,2/21/2022,50% Dark Bites,Europe,Kaine Padly,3143,67
Canada,5/11/2022,Choco Coated Almonds,North America,Roddy Speechley,5873,249
India,4/15/2022,50% Dark Bites,Asia,Ches Bonnell,11298,313
Canada,6/7/2022,Peanut Butter Cubes,North America,Oby Sorrel,12425,167
UK,6/27/2022,White Choc,Europe,Oby Sorrel,1715,286
India,7/29/2022,After Nines,Asia,Barr Faughny,8190,109
Canada,6/2/2022,Smooth Sliky Salty,North America,Wilone O'Kielt,4991,166
India,1/26/2022,Mint Chip Choco,Asia,Rafaelita Blaksland,15491,85
Canada,3/2/2022,99% Dark & Pure,North America,Rafaelita Blaksland,5096,142
Australia,1/10/2022,70% Dark Bites,Oceania,Van Tuxwell,7063,104
USA,6/27/2022,70% Dark Bites,North America,Beverie Moffet,2275,115
Canada,6/30/2022,Orange Choco,North America,Barr Faughny,7602,18
Australia,7/8/2022,85% Dark Bars,Oceania,Roddy Speechley,4200,80
India,6/8/2022,Spicy Special Slims,Asia,Oby Sorrel,11137,88
UK,8/18/2022,Manuka Honey Choco,Europe,Jan Morforth,3388,212
Australia,4/8/2022,After Nines,Oceania,Kaine Padly,6832,306
Canada,8/8/2022,Fruit & Nut Bars,North America,Wilone O'Kielt,3437,181
UK,8/26/2022,Milk Bars,Europe,Wilone O'Kielt,301,65
Canada,1/14/2022,Fruit & Nut Bars,North America,Oby Sorrel,1869,158
USA,8/11/2022,Baker's Choco Chips,North America,Dennison Crosswaite,17465,271
USA,5/31/2022,Almond Choco,North America,Madelene Upcott,10143,24
New Zealand,7/11/2022,50% Dark Bites,Oceania,Van Tuxwell,3626,10
Canada,3/2/2022,Caramel Stuffed Bars,North America,Karlen McCaffrey,3346,304
Australia,7/13/2022,Raspberry Choco,Oceania,Madelene Upcott,6321,88
UK,8/3/2022,Spicy Special Slims,Europe,Rafaelita Blaksland,9345,133
UK,3/1/2022,Peanut Butter Cubes,Europe,Curtice Advani,15008,165
New Zealand,4/13/2022,White Choc,Oceania,Kelci Walkden,7609,150
Canada,2/14/2022,Fruit & Nut Bars,North America,Beverie Moffet,10332,180
India,7/26/2022,White Choc,Asia,Mallorie Waber,819,213
UK,1/27/2022,Drinking Coco,Europe,Brien Boise,5754,133
India,4/14/2022,Peanut Butter Cubes,Asia,Jehu Rudeforth,28,446
USA,5/19/2022,Almond Choco,North America,Oby Sorrel,6440,141
India,2/9/2022,Eclairs,Asia,Husein Augar,4956,58
UK,5/25/2022,Spicy Special Slims,Europe,Brien Boise,2352,58
Australia,1/26/2022,Manuka Honey Choco,Oceania,Oby Sorrel,3906,76
India,7/4/2022,White Choc,Asia,Beverie Moffet,1813,296
India,4/13/2022,Almond Choco,Asia,Ches Bonnell,11788,73
Australia,1/25/2022,Smooth Sliky Salty,Oceania,Gigi Bohling,5768,119
USA,4/25/2022,85% Dark Bars,North America,Camilla Castle,2401,78
USA,6/10/2022,Eclairs,North America,Camilla Castle,4515,392
New Zealand,8/22/2022,White Choc,Oceania,Madelene Upcott,10794,51
India,6/27/2022,After Nines,Asia,Van Tuxwell,13706,207
India,6/30/2022,Orange Choco,Asia,Husein Augar,4361,40
India,8/30/2022,Almond Choco,Asia,Jehu Rudeforth,10122,100
Australia,8/23/2022,Raspberry Choco,Oceania,Karlen McCaffrey,994,57
New Zealand,8/26/2022,99% Dark & Pure,Oceania,Camilla Castle,2268,42
Australia,3/9/2022,Orange Choco,Oceania,Gigi Bohling,574,156
UK,4/20/2022,Drinking Coco,Europe,Kelci Walkden,1792,23
Canada,6/10/2022,Caramel Stuffed Bars,North America,Mallorie Waber,4844,539
Australia,2/8/2022,Organic Choco Syrup,Oceania,Husein Augar,938,158
Australia,8/25/2022,White Choc,Oceania,Brien Boise,4879,22
India,2/16/2022,Peanut Butter Cubes,Asia,Dotty Strutley,9107,73
UK,5/30/2022,99% Dark & Pure,Europe,Dennison Crosswaite,12187,27
New Zealand,6/29/2022,50% Dark Bites,Oceania,Gigi Bohling,5670,64
USA,6/16/2022,Milk Bars,North America,Gigi Bohling,476,133
UK,3/4/2022,Caramel Stuffed Bars,Europe,Brien Boise,2681,149
New Zealand,3/15/2022,Peanut Butter Cubes,Oceania,Curtice Advani,1533,434
New Zealand,1/27/2022,50% Dark Bites,Oceania,Curtice Advani,9765,85
Canada,7/5/2022,Drinking Coco,North America,Beverie Moffet,994,118
USA,3/29/2022,Caramel Stuffed Bars,North America,Barr Faughny,3318,299
Canada,5/12/2022,Almond Choco,North America,Mallorie Waber,4214,35
USA,3/11/2022,Drinking Coco,North America,Oby Sorrel,7714,44
New Zealand,7/11/2022,Eclairs,Oceania,Brien Boise,4690,299
New Zealand,8/1/2022,Choco Coated Almonds,Oceania,Gunar Cockshoot,13062,62
UK,2/16/2022,Spicy Special Slims,Europe,Gunar Cockshoot,12488,200
USA,4/13/2022,After Nines,North America,Curtice Advani,14147,235
India,2/14/2022,Choco Coated Almonds,Asia,Oby Sorrel,49,363
Australia,3/14/2022,Peanut Butter Cubes,Oceania,Ches Bonnell,10199,68
Australia,4/26/2022,Spicy Special Slims,Oceania,Oby Sorrel,11389,26
Canada,4/5/2022,Manuka Honey Choco,North America,Jehu Rudeforth,3584,200
Australia,4/15/2022,70% Dark Bites,Oceania,Madelene Upcott,3710,260
Australia,8/18/2022,99% Dark & Pure,Oceania,Gunar Cockshoot,7952,235
Australia,1/26/2022,99% Dark & Pure,Oceania,Karlen McCaffrey,10822,168
Australia,2/14/2022,After Nines,Oceania,Jehu Rudeforth,5250,47
Australia,1/11/2022,Baker's Choco Chips,Oceania,Dennison Crosswaite,13846,421
Australia,4/8/2022,Choco Coated Almonds,Oceania,Ches Bonnell,1470,167
Australia,5/4/2022,Drinking Coco,Oceania,Kelci Walkden,1288,60
Australia,1/13/2022,Mint Chip Choco,Oceania,Van Tuxwell,2674,295
Australia,7/15/2022,Organic Choco Syrup,Oceania,Brien Boise,4263,264
Australia,7/4/2022,Organic Choco Syrup,Oceania,Roddy Speechley,3647,76
Australia,8/19/2022,Peanut Butter Cubes,Oceania,Brien Boise,301,205
Australia,4/25/2022,Raspberry Choco,Oceania,Mallorie Waber,8400,27
Australia,2/11/2022,Smooth Sliky Salty,Oceania,Mallorie Waber,4158,109
Australia,1/4/2022,Smooth Sliky Salty,Oceania,Wilone O'Kielt,2226,46
Australia,5/17/2022,Spicy Special Slims,Oceania,Karlen McCaffrey,4410,323
Australia,7/5/2022,White Choc,Oceania,Dotty Strutley,6055,93
Australia,3/21/2022,White Choc,Oceania,Rafaelita Blaksland,6818,102
Canada,4/8/2022,70% Dark Bites,North America,Andria Kimpton,10262,15
Canada,6/2/2022,70% Dark Bites,North America,Van Tuxwell,7077,77
Canada,2/16/2022,85% Dark Bars,North America,Beverie Moffet,6139,45
Canada,8/22/2022,After Nines,North America,Kaine Padly,5845,172
Canada,8/12/2022,Almond Choco,North America,Kaine Padly,6055,73
Canada,3/3/2022,Drinking Coco,North America,Camilla Castle,12481,264
Canada,1/10/2022,Drinking Coco,North America,Dennison Crosswaite,2702,24
Canada,5/17/2022,Drinking Coco,North America,Roddy Speechley,6776,312
Canada,6/15/2022,Drinking Coco,North America,Van Tuxwell,4900,709
Canada,5/6/2022,Eclairs,North America,Curtice Advani,721,203
Canada,5/19/2022,Eclairs,North America,Oby Sorrel,6111,591
Canada,4/26/2022,Milk Bars,North America,Madelene Upcott,3612,82
Canada,4/27/2022,Orange Choco,North America,Oby Sorrel,8757,338
Canada,7/26/2022,Organic Choco Syrup,North America,Ches Bonnell,574,217
Canada,1/28/2022,Organic Choco Syrup,North America,Dennison Crosswaite,8491,75
Canada,3/29/2022,Organic Choco Syrup,North America,Kaine Padly,5684,81
Canada,2/16/2022,Peanut Butter Cubes,North America,Andria Kimpton,1127,319
Canada,3/8/2022,Peanut Butter Cubes,North America,Marney O'Breen,6594,91
Canada,5/2/2022,Spicy Special Slims,North America,Rafaelita Blaksland,2520,156
Canada,4/5/2022,White Choc,North America,Roddy Speechley,5887,268
India,3/14/2022,50% Dark Bites,Asia,Roddy Speechley,8337,12
India,5/23/2022,70% Dark Bites,Asia,Karlen McCaffrey,5075,344
India,2/16/2022,99% Dark & Pure,Asia,Ches Bonnell,455,96
India,1/17/2022,After Nines,Asia,Andria Kimpton,952,68
India,5/24/2022,Almond Choco,Asia,Beverie Moffet,3066,96
India,7/28/2022,Caramel Stuffed Bars,Asia,Gunar Cockshoot,2471,202
India,8/8/2022,Drinking Coco,Asia,Camilla Castle,469,163
India,5/31/2022,Drinking Coco,Asia,Roddy Speechley,4494,11
India,7/28/2022,Eclairs,Asia,Dotty Strutley,2086,384
India,7/21/2022,Eclairs,Asia,Van Tuxwell,10500,106
India,1/12/2022,Mint Chip Choco,Asia,Barr Faughny,7413,465
India,3/3/2022,Mint Chip Choco,Asia,Curtice Advani,8155,96
India,4/14/2022,Mint Chip Choco,Asia,Dotty Strutley,1260,239
India,5/30/2022,Orange Choco,Asia,Andria Kimpton,301,421
India,6/23/2022,Organic Choco Syrup,Asia,Beverie Moffet,1036,20
India,6/15/2022,Raspberry Choco,Asia,Husein Augar,9954,154
India,3/22/2022,Spicy Special Slims,Asia,Roddy Speechley,10647,173
New Zealand,2/14/2022,70% Dark Bites,Oceania,Marney O'Breen,8603,352
New Zealand,8/8/2022,85% Dark Bars,Oceania,Camilla Castle,15099,55
New Zealand,2/1/2022,85% Dark Bars,Oceania,Oby Sorrel,3381,417
New Zealand,5/24/2022,99% Dark & Pure,Oceania,Barr Faughny,8134,195
New Zealand,4/18/2022,99% Dark & Pure,Oceania,Roddy Speechley,7483,183
New Zealand,5/4/2022,After Nines,Oceania,Mallorie Waber,483,228
New Zealand,4/5/2022,Almond Choco,Oceania,Andria Kimpton,6559,158
New Zealand,5/18/2022,Milk Bars,Oceania,Jehu Rudeforth,2478,188
New Zealand,3/29/2022,Milk Bars,Oceania,Madelene Upcott,12558,403
New Zealand,8/4/2022,Orange Choco,Oceania,Dotty Strutley,2030,146
New Zealand,6/7/2022,Spicy Special Slims,Oceania,Beverie Moffet,63,60
UK,2/9/2022,50% Dark Bites,Europe,Beverie Moffet,2499,271
UK,2/16/2022,50% Dark Bites,Europe,Rafaelita Blaksland,10150,68
UK,7/5/2022,After Nines,Europe,Husein Augar,3507,380
UK,1/21/2022,After Nines,Europe,Kaine Padly,18697,176
UK,7/6/2022,Almond Choco,Europe,Jan Morforth,9744,157
UK,6/6/2022,Almond Choco,Europe,Van Tuxwell,10689,204
UK,3/11/2022,Baker's Choco Chips,Europe,Jan Morforth,721,251
UK,8/10/2022,Caramel Stuffed Bars,Europe,Dotty Strutley,5768,235
UK,1/27/2022,Drinking Coco,Europe,Kaine Padly,2317,224
UK,3/29/2022,Drinking Coco,Europe,Marney O'Breen,973,28
UK,5/13/2022,Fruit & Nut Bars,Europe,Jehu Rudeforth,8589,229
UK,2/7/2022,Manuka Honey Choco,Europe,Curtice Advani,1666,106
UK,3/2/2022,Milk Bars,Europe,Barr Faughny,3864,430
UK,7/19/2022,Peanut Butter Cubes,Europe,Camilla Castle,4872,126
UK,8/12/2022,Peanut Butter Cubes,Europe,Madelene Upcott,7756,85
UK,4/26/2022,Smooth Sliky Salty,Europe,Dennison Crosswaite,546,142
USA,3/15/2022,70% Dark Bites,North America,Dennison Crosswaite,658,77
USA,1/14/2022,70% Dark Bites,North America,Gigi Bohling,7364,196
USA,6/22/2022,85% Dark Bars,North America,Kaine Padly,483,259
USA,7/11/2022,Caramel Stuffed Bars,North America,Dennison Crosswaite,2317,464
USA,6/7/2022,Choco Coated Almonds,North America,Madelene Upcott,5446,132
USA,6/15/2022,Peanut Butter Cubes,North America,Marney O'Breen,693,350
USA,1/12/2022,Raspberry Choco,North America,Brien Boise,672,194
USA,1/3/2022,Raspberry Choco,North America,Dotty Strutley,3437,46
USA,5/12/2022,Smooth Sliky Salty,North America,Dennison Crosswaite,11781,91
USA,6/13/2022,Spicy Special Slims,North America,Kaine Padly,2107,175
USA,2/7/2022,Spicy Special Slims,North America,Oby Sorrel,5691,417
USA,6/7/2022,White Choc,North America,Jehu Rudeforth,6559,119
USA,8/24/2022,White Choc,North America,Karlen McCaffrey,4592,2
